2021-07-26,11:49:47.955940,Ria van Velsen (gymnast)
2021-07-26,11:51:32.333733,José Serrano (pentathlete)
2021-07-26,11:53:26.035025,Ray Reeve
2021-07-26,12:12:43.333540,Gmina Kruklanki
2021-07-26,12:13:35.096662,Timothée Chalamet
2021-07-26,12:13:58.151249,Learnhub
2021-07-26,12:24:05.899471,Boris Ford
2021-07-26,12:28:02.894200,Jethro Leadership Management Institute
2021-07-26,12:28:12.608091,Alexandra Kalinovská
2021-07-26,12:32:54.203638,David T. Griggs
2021-07-26,12:33:40.084421,Protoscalidion
2021-07-26,12:34:40.270390,HTTP 303
2021-07-26,13:06:48.491787,
2021-07-26,13:09:33.526647,
2021-07-26,13:11:16.016330,Schelte a Bolswert
2021-07-26,13:16:51.040880,1891 in Germany
2021-07-26,14:38:51.736401,Deep Impact (horse)
